stock_code,stock_name,liqa_share,latest_price,circ_market_cap,industry,industry_classification,industry_type
000004,上证工业类指数,126288093.0000,4.3400,5.480903236200,I65软件和信息技术服务业,证监会行业分类,科技
000004,*ST国华,126288093.0000,4.3400,5.480903236200,I65软件和信息技术服务业,证监会行业分类,科技
688130,晶华微,30126248.0000,20.9500,6.311448956000,I65软件和信息技术服务业,证监会行业分类,科技
688758,赛分科技,39504286.0000,19.9800,7.892956342800,C26化学原料和化学制品制造业,证监会行业分类,其他
603075,热威股份,40010000.0000,21.9800,8.794198000000,C38电气机械和器材制造业,证监会行业分类,其他
600599,*ST熊猫,166000000.0000,5.6100,9.312600000000,F51批发业,证监会行业分类,其他
605069,正和生态,84161278.0000,11.8200,9.947863059600,N77生态保护和环境治理业,证监会行业分类,其他
688671,碧兴物联,45865622.0000,21.9900,10.085850277800,C40仪器仪表制造业,证监会行业分类,其他
603190,亚通精工,40519480.0000,25.0400,10.146077792000,C36汽车制造业,证监会行业分类,其他
688573,信宇人,51994296.0000,19.6300,10.206480304800,C35专用设备制造业,证监会行业分类,其他
688721,龙图光罩,26700000.0000,39.2300,10.474410000000,C39计算机、通信和其他电子设备制造业,证监会行业分类,科技
603201,常润股份,64759335.0000,16.4900,10.678814341500,C34通用设备制造业,证监会行业分类,其他
688370,丛麟科技,43749116.0000,25.2500,11.046651790000,N77生态保护和环境治理业,证监会行业分类,其他
603207,小方制药,40000000.0000,28.3000,11.320000000000,C27医药制造业,证监会行业分类,医药
688651,盛邦安全,31510426.0000,38.0500,11.989717093000,I65软件和信息技术服务业,证监会行业分类,科技
688701,卓锦股份,134277372.0000,9.4000,12.622072968000,N77生态保护和环境治理业,证监会行业分类,其他
600421,*ST华嵘,195600000.0000,6.5500,12.811800000000,C34通用设备制造业,证监会行业分类,其他
603276,恒兴新材,77649497.0000,16.7000,12.967465999000,C26化学原料和化学制品制造业,证监会行业分类,其他
603097,江苏华辰,40000000.0000,32.6000,13.040000000000,C38电气机械和器材制造业,证监会行业分类,其他
688061,灿瑞科技,43297770.0000,30.3800,13.153862526000,I65软件和信息技术服务业,证监会行业分类,科技
603282,亚光股份,64184459.0000,21.1600,13.581431524400,C35专用设备制造业,证监会行业分类,其他
688096,京源环保,164176806.0000,8.4700,13.905775468200,C35专用设备制造业,证监会行业分类,其他
688750,金天钛业,77420306.0000,18.0700,13.989849294200,C32有色金属冶炼和压延加工业,证监会行业分类,资源
688247,宣泰医药,142321600.0000,9.8600,14.032909760000,C27医药制造业,证监会行业分类,医药
603082,北自科技,40556900.0000,35.0500,14.215193450000,C34通用设备制造业,证监会行业分类,其他
603789,*ST星农,260000000.0000,5.6800,14.768000000000,C35专用设备制造业,证监会行业分类,其他
688496,清越科技,237945600.0000,6.2100,14.776421760000,C39计算机、通信和其他电子设备制造业,证监会行业分类,科技
603102,百合股份,35864455.0000,41.6300,14.930372616500,C14食品制造业,证监会行业分类,其他
603391,力聚热能,22750000.0000,65.8800,14.987700000000,C34通用设备制造业,证监会行业分类,其他
688296,和达科技,107393160.0000,13.9900,15.024303084000,I65软件和信息技术服务业,证监会行业分类,科技
688121,卓然股份,141578667.0000,10.8800,15.403758969600,C35专用设备制造业,证监会行业分类,其他
603062,麦加芯彩,33220800.0000,47.3000,15.713438400000,C26化学原料和化学制品制造业,证监会行业分类,其他
600543,莫高股份,321120000.0000,4.9300,15.831216000000,C15酒、饮料和精制茶制造业,证监会行业分类,其他
688217,睿昂基因,55855896.0000,28.4000,15.863074464000,C27医药制造业,证监会行业分类,医药
688053,ST思科瑞,43273800.0000,36.9800,16.002651240000,M74专业技术服务业,证监会行业分类,其他
603729,龙韵股份,93338000.0000,17.2500,16.100805000000,L72商务服务业,证监会行业分类,其他
688045,必易微,36906189.0000,44.4700,16.412182248300,I65软件和信息技术服务业,证监会行业分类,科技
688391,钜泉科技,56753904.0000,29.4900,16.736726289600,I65软件和信息技术服务业,证监会行业分类,科技
688509,正元地信,384792200.0000,4.4600,17.161732120000,M74专业技术服务业,证监会行业分类,其他
603211,晋拓股份,67952000.0000,25.5000,17.327760000000,C36汽车制造业,证监会行业分类,其他
688429,时创能源,117827227.0000,14.9500,17.615170436500,C38电气机械和器材制造业,证监会行业分类,其他
603270,金帝股份,70716667.0000,24.9500,17.643808416500,C34通用设备制造业,证监会行业分类,其他
605566,福莱蒽特,62287972.0000,28.6300,17.833046383600,C26化学原料和化学制品制造业,证监会行业分类,其他
600381,*ST春天,587060741.0000,3.0700,18.022764748700,C14食品制造业,证监会行业分类,其他
688078,龙软科技,72893000.0000,25.0800,18.281564400000,I65软件和信息技术服务业,证监会行业分类,科技
000056,上证国企,903671558.0000,2.0300,18.344532627400,L72商务服务业,证监会行业分类,其他
000056,皇庭国际,903671558.0000,2.0300,18.344532627400,L72商务服务业,证监会行业分类,其他
603271,永杰新材,38570371.0000,47.6700,18.386495855700,C32有色金属冶炼和压延加工业,证监会行业分类,资源
688067,爱威科技,68000000.0000,27.1400,18.455200000000,C27医药制造业,证监会行业分类,医药
688657,浩辰软件,40389399.0000,46.0200,18.587201419800,I65软件和信息技术服务业,证监会行业分类,科技
603231,索宝蛋白,106265982.0000,17.5100,18.607173448200,C13农副食品加工业,证监会行业分类,其他
600697,欧亚集团,155376015.0000,12.0800,18.769422612000,F52零售业,证监会行业分类,其他
688708,佳驰科技,35710575.0000,52.6100,18.787333507500,C41其他制造业,证监会行业分类,其他
600561,江西长运,284476800.0000,6.6700,18.974602560000,G54道路运输业,证监会行业分类,其他
688489,三未信安,50532972.0000,38.1700,19.288435412400,C39计算机、通信和其他电子设备制造业,证监会行业分类,科技
688255,凯尔达,70102553.0000,27.7000,19.418407181000,C34通用设备制造业,证监会行业分类,其他
603130,云中马,51063450.0000,38.6000,19.710491700000,C17纺织业,证监会行业分类,其他
688710,益诺思,28195924.0000,70.3700,19.841471718800,M73研究和试验发展,证监会行业分类,其他
000010,上证180指数,525951361.0000,3.8000,19.986151718000,E48土木工程建筑业,证监会行业分类,其他
000010,美丽生态,525951361.0000,3.8000,19.986151718000,E48土木工程建筑业,证监会行业分类,其他
603173,福斯达,49540000.0000,40.7400,20.182596000000,C34通用设备制造业,证监会行业分类,其他
688479,友车科技,60874224.0000,33.4100,20.338078238400,I65软件和信息技术服务业,证监会行业分类,科技
600796,钱江生化,309477889.0000,6.6400,20.549331829600,D46水的生产和供应业,证监会行业分类,其他
688726,拉普拉斯,33731410.0000,61.3000,20.677354330000,C38电气机械和器材制造业,证监会行业分类,其他
603237,五芳斋,121875642.0000,17.0800,20.816359653600,C14食品制造业,证监会行业分类,其他
000017,新上证综指,302984965.0000,6.9000,20.905962585000,C24文教、工美、体育和娱乐用品制造业,证监会行业分类,其他
000017,深中华A,302984965.0000,6.9000,20.905962585000,C24文教、工美、体育和娱乐用品制造业,证监会行业分类,其他
600448,华纺股份,629819662.0000,3.3300,20.972994744600,C17纺织业,证监会行业分类,其他
603022,新通联,200000000.0000,10.4900,20.980000000000,C20木材加工和木、竹、藤、棕、草制品业,证监会行业分类,其他
600818,中路股份,237957910.0000,8.8700,21.106866617000,C37铁路、船舶、航空航天和其他运输设备制造业,证监会行业分类,其他
600692,亚通股份,255010517.0000,8.3200,21.216875014400,K70房地产业,证监会行业分类,其他
603825,ST华扬,253336552.0000,8.3800,21.229603057600,L72商务服务业,证监会行业分类,其他
603709,中源家居,124800000.0000,17.1300,21.378240000000,C21家具制造业,证监会行业分类,其他
603908,牧高笛,93366000.0000,23.3400,21.791624400000,C17纺织业,证监会行业分类,其他
688292,浩瀚深度,90020429.0000,24.3000,21.874964247000,I65软件和信息技术服务业,证监会行业分类,科技
688485,九州一轨,88157978.0000,24.8200,21.880810139600,N77生态保护和环境治理业,证监会行业分类,其他
605567,春雪食品,200000000.0000,11.0400,22.080000000000,C13农副食品加工业,证监会行业分类,其他
603321,梅轮电梯,302515000.0000,7.3600,22.265104000000,C34通用设备制造业,证监会行业分类,其他
603214,爱婴室,138540036.0000,16.3200,22.609733875200,F52零售业,证监会行业分类,其他
688716,中研股份,68578553.0000,33.0000,22.630922490000,C26化学原料和化学制品制造业,证监会行业分类,其他
603578,三星新材,180357032.0000,12.7000,22.905343064000,C30非金属矿物制品业,证监会行业分类,其他
603021,ST华鹏,319948070.0000,7.1600,22.908281812000,C30非金属矿物制品业,证监会行业分类,其他
605122,四方新材,172354000.0000,13.3000,22.923082000000,C30非金属矿物制品业,证监会行业分类,其他
688393,安必平,93567699.0000,24.7000,23.111221653000,C27医药制造业,证监会行业分类,医药
688038,中科通达,116373400.0000,19.8900,23.146669260000,I65软件和信息技术服务业,证监会行业分类,科技
688237,超卓航科,44086271.0000,52.7800,23.268733833800,C37铁路、船舶、航空航天和其他运输设备制造业,证监会行业分类,其他
603506,南都物业,187777779.0000,12.4000,23.284444596000,K70房地产业,证监会行业分类,其他
603356,华菱精工,133340000.0000,17.5000,23.334500000000,C34通用设备制造业,证监会行业分类,其他
603177,德创环保,204192000.0000,11.5100,23.502499200000,N77生态保护和环境治理业,证监会行业分类,其他
688373,盟科药业,366047140.0000,6.4800,23.719854672000,C27医药制造业,证监会行业分类,医药
688051,佳华科技,77334000.0000,31.0100,23.981273400000,I65软件和信息技术服务业,证监会行业分类,科技
600051,宁波联合,310880000.0000,7.7200,23.999936000000,F51批发业,证监会行业分类,其他
688084,晶品特装,36849250.0000,65.2000,24.025711000000,C35专用设备制造业,证监会行业分类,其他
688691,灿芯股份,25500000.0000,94.5500,24.110250000000,I65软件和信息技术服务业,证监会行业分类,科技
603557,ST起步,623436888.0000,3.8800,24.189351254400,C19皮革、毛皮、羽毛及其制品和制鞋业,证监会行业分类,其他
605177,东亚药业,112583673.0000,21.5900,24.306815000700,C27医药制造业,证监会行业分类,医药
603818,曲美家居,686543855.0000,3.5800,24.578270009000,C21家具制造业,证监会行业分类,其他
603028,赛福天,287040000.0000,8.5700,24.599328000000,C33金属制品业,证监会行业分类,其他
688253,英诺特,68810680.0000,36.7700,25.301687036000,C27医药制造业,证监会行业分类,医药
603176,汇通集团,461786207.0000,5.5000,25.398241385000,E48土木工程建筑业,证监会行业分类,其他
603721,*ST天择,130000000.0000,19.6300,25.519000000000,R87广播、电视、电影和录音制作业,证监会行业分类,其他
000952,沪深300房地产指数,343984808.0000,7.4400,25.592469715200,C27医药制造业,证监会行业分类,医药
000952,广济药业,343984808.0000,7.4400,25.592469715200,C27医药制造业,证监会行业分类,医药
688118,普元信息,91817613.0000,27.9700,25.681386356100,I65软件和信息技术服务业,证监会行业分类,科技
688369,致远互联,115218071.0000,22.3100,25.705151640100,I65软件和信息技术服务业,证监会行业分类,科技
603725,天安新材,286657680.0000,8.9800,25.741859664000,C30非金属矿物制品业,证监会行业分类,其他
688718,唯赛勃,173754389.0000,14.8400,25.785151327600,C35专用设备制造业,证监会行业分类,其他
688517,金冠电气,136613184.0000,18.9100,25.833553094400,C38电气机械和器材制造业,证监会行业分类,其他
688316,青云科技,35944220.0000,71.9200,25.851083024000,I64互联网和相关服务,证监会行业分类,其他
600148,长春一东,141516450.0000,18.3800,26.010723510000,C36汽车制造业,证监会行业分类,其他
688282,理工导航,36520000.0000,71.2700,26.027804000000,C39计算机、通信和其他电子设备制造业,证监会行业分类,科技
000856,中证500工业指数,227000000.0000,11.4700,26.036900000000,C35专用设备制造业,证监会行业分类,其他
000856,冀东装备,227000000.0000,11.4700,26.036900000000,C35专用设备制造业,证监会行业分类,其他
688267,中触媒,92807159.0000,28.1200,26.097373110800,C26化学原料和化学制品制造业,证监会行业分类,其他
000909,沪深300原材料指数,437710570.0000,5.9800,26.175092086000,K70房地产业,证监会行业分类,其他
000909,*ST数源,437710570.0000,5.9800,26.175092086000,K70房地产业,证监会行业分类,其他
000911,沪深300可选消费指数,400319818.0000,6.5400,26.180916097200,C13农副食品加工业,证监会行业分类,其他
000911,广农糖业,400319818.0000,6.5400,26.180916097200,C13农副食品加工业,证监会行业分类,其他
603052,可川科技,40964000.0000,64.2500,26.319370000000,C39计算机、通信和其他电子设备制造业,证监会行业分类,科技
603335,迪生力,428144600.0000,6.1600,26.373707360000,C36汽车制造业,证监会行业分类,其他
603768,常青股份,237955857.0000,11.0900,26.389304541300,C36汽车制造业,证监会行业分类,其他
603139,康惠股份,99880000.0000,26.4600,26.428248000000,C27医药制造业,证监会行业分类,医药
688197,首药控股,64004882.0000,41.5900,26.619630423800,C27医药制造业,证监会行业分类,医药
600671,天目药业,121720533.0000,21.9600,26.729829046800,C27医药制造业,证监会行业分类,医药
605186,健麾信息,136000000.0000,19.6900,26.778400000000,C35专用设备制造业,证监会行业分类,其他
688178,万德斯,84997844.0000,31.5100,26.782820644400,N77生态保护和环境治理业,证监会行业分类,其他
688207,格灵深瞳,188676306.0000,14.2000,26.792035452000,I65软件和信息技术服务业,证监会行业分类,科技
603377,ST东时,714867219.0000,3.7500,26.807520712500,P83教育,证监会行业分类,其他
688355,明志科技,123956072.0000,21.6600,26.848885195200,C33金属制品业,证监会行业分类,其他
600833,第一医药,223086347.0000,12.1500,27.104991160500,F52零售业,证监会行业分类,其他
603535,嘉诚国际,322763039.0000,8.5000,27.434858315000,G59装卸搬运和仓储业,证监会行业分类,其他
688288,鸿泉技术,100643920.0000,27.3200,27.495918944000,C39计算机、通信和其他电子设备制造业,证监会行业分类,科技
600359,新农开发,381512820.0000,7.2100,27.507074322000,A01农业,证监会行业分类,其他
603161,科华控股,188862594.0000,14.6000,27.573938724000,C36汽车制造业,证监会行业分类,其他
000978,中证医药100指数,360090250.0000,7.6700,27.618922175000,N78公共设施管理业,证监会行业分类,其他
000978,桂林旅游,360090250.0000,7.6700,27.618922175000,N78公共设施管理业,证监会行业分类,其他
600719,大连热电,404599600.0000,6.8400,27.674612640000,D44电力、热力生产和供应业,证监会行业分类,其他
601133,柏诚股份,147500000.0000,18.8500,27.803750000000,E49建筑安装业,证监会行业分类,其他
603188,亚邦股份,570170000.0000,4.9000,27.938330000000,C26化学原料和化学制品制造业,证监会行业分类,其他
600661,昂立教育,286548830.0000,9.7700,27.995820691000,P83教育,证监会行业分类,其他
605369,拱东医疗,157578415.0000,17.8600,28.143504919000,C35专用设备制造业,证监会行业分类,其他
601121,宝地矿业,380000000.0000,7.4100,28.158000000000,B08黑色金属矿采选业,证监会行业分类,资源
603838,*ST四通,320016000.0000,8.8000,28.161408000000,C30非金属矿物制品业,证监会行业分类,其他
603238,诺邦股份,177509000.0000,15.9000,28.223931000000,C17纺织业,证监会行业分类,其他
000802,500沪市,715465255.0000,3.9800,28.475517149000,R87广播、电视、电影和录音制作业,证监会行业分类,其他
000802,北京文化,715465255.0000,3.9800,28.475517149000,R87广播、电视、电影和录音制作业,证监会行业分类,其他
603637,镇海股份,238685877.0000,12.0600,28.785516766200,E48土木工程建筑业,证监会行业分类,其他
688290,景业智能,60826233.0000,47.3700,28.813386572100,C35专用设备制造业,证监会行业分类,其他
688529,豪森智能,168175953.0000,17.3300,29.144892654900,C35专用设备制造业,证监会行业分类,其他
603180,金牌家居,154257088.0000,18.9900,29.293421011200,C21家具制造业,证监会行业分类,其他
000020,上证中型企业综合指数,181165391.0000,16.1800,29.312560263800,C39计算机、通信和其他电子设备制造业,证监会行业分类,科技
000020,深华发A,181165391.0000,16.1800,29.312560263800,C39计算机、通信和其他电子设备制造业,证监会行业分类,科技
600439,瑞贝卡,1131985440.0000,2.5900,29.318422896000,C19皮革、毛皮、羽毛及其制品和制鞋业,证监会行业分类,其他
688646,ST逸飞,58033362.0000,50.6200,29.376487844400,C35专用设备制造业,证监会行业分类,其他
688560,明冠新材,201301918.0000,14.6300,29.450470603400,C29橡胶和塑料制品业,证监会行业分类,其他
688613,奥精医疗,135551584.0000,21.7400,29.468914361600,C35专用设备制造业,证监会行业分类,其他
600463,空港股份,300000000.0000,9.8300,29.490000000000,E48土木工程建筑业,证监会行业分类,其他
603488,展鹏科技,291990440.0000,10.1500,29.637029660000,C34通用设备制造业,证监会行业分类,其他
600232,金鹰股份,364718544.0000,8.1300,29.651617627200,C17纺织业,证监会行业分类,其他
603066,音飞储存,294180074.0000,10.1200,29.771023488800,G59装卸搬运和仓储业,证监会行业分类,其他
688468,科美诊断,401108000.0000,7.4400,29.842435200000,C27医药制造业,证监会行业分类,医药
605155,西大门,189097440.0000,15.8100,29.896305264000,C17纺织业,证监会行业分类,其他
600423,柳化股份,798695026.0000,3.7500,29.951063475000,C26化学原料和化学制品制造业,证监会行业分类,其他
603602,纵横通信,229248293.0000,13.0800,29.985676724400,I65软件和信息技术服务业,证监会行业分类,科技
603124,江南新材,28637506.0000,105.0400,30.080836302400,C39计算机、通信和其他电子设备制造业,证监会行业分类,科技
600992,贵绳股份,245090000.0000,12.2900,30.121561000000,C33金属制品业,证监会行业分类,其他
688501,青达环保,123071000.0000,24.4800,30.127780800000,C35专用设备制造业,证监会行业分类,其他
603839,安正时尚,399212160.0000,7.5600,30.180439296000,C18纺织服装、服饰业,证监会行业分类,其他
603320,迪贝电气,149146203.0000,20.3000,30.276679209000,C34通用设备制造业,证监会行业分类,其他
603269,海鸥股份,220536977.0000,13.7300,30.279726942100,C34通用设备制造业,证监会行业分类,其他
000153,上证民营企业红利指数,452943722.0000,6.7100,30.392523746200,C27医药制造业,证监会行业分类,医药
000153,丰原药业,452943722.0000,6.7100,30.392523746200,C27医药制造业,证监会行业分类,医药
603819,神力股份,217730187.0000,13.9800,30.438680142600,C38电气机械和器材制造业,证监会行业分类,其他
600405,动力源,553275448.0000,5.5200,30.540804729600,C39计算机、通信和其他电子设备制造业,证监会行业分类,科技
600573,惠泉啤酒,250000000.0000,12.2400,30.600000000000,C15酒、饮料和精制茶制造业,证监会行业分类,其他
605258,协和电子,88000000.0000,34.9500,30.756000000000,C39计算机、通信和其他电子设备制造业,证监会行业分类,科技
603959,百利科技,490298992.0000,6.2800,30.790776697600,E48土木工程建筑业,证监会行业分类,其他
600419,天润乳业,320190246.0000,9.6300,30.834320689800,C14食品制造业,证监会行业分类,其他
603136,天目湖,270126710.0000,11.5000,31.064571650000,N78公共设施管理业,证监会行业分类,其他
603518,锦泓集团,344812434.0000,9.0200,31.102081546800,C18纺织服装、服饰业,证监会行业分类,其他
603458,勘设股份,306124514.0000,10.1600,31.102250622400,M74专业技术服务业,证监会行业分类,其他
605033,美邦股份,135200000.0000,23.1300,31.271760000000,C26化学原料和化学制品制造业,证监会行业分类,其他
000159,上证沪股通指数,480672868.0000,6.5300,31.387938280400,F51批发业,证监会行业分类,其他
000159,国际实业,480672868.0000,6.5300,31.387938280400,F51批发业,证监会行业分类,其他
603107,上海汽配,218173998.0000,14.4400,31.504325311200,C36汽车制造业,证监会行业分类,其他
603042,华脉科技,160589840.0000,19.7800,31.764670352000,C39计算机、通信和其他电子设备制造业,证监会行业分类,科技
000019,上证公司治理指数,416216407.0000,7.6800,31.965420057600,F51批发业,证监会行业分类,其他
000019,深粮控股,416216407.0000,7.6800,31.965420057600,F51批发业,证监会行业分类,其他
688682,霍莱沃,72742068.0000,43.9800,31.991961506400,I65软件和信息技术服务业,证监会行业分类,科技
688046,药康生物,203931034.0000,15.7300,32.078351648200,M73研究和试验发展,证监会行业分类,其他
603030,全筑股份,1316933520.0000,2.4400,32.133177888000,E50建筑装饰、装修和其他建筑业,证监会行业分类,其他
603048,浙江黎明,146880000.0000,21.9300,32.210784000000,C36汽车制造业,证监会行业分类,其他
688376,美埃科技,50985589.0000,63.5900,32.421736045100,C35专用设备制造业,证监会行业分类,其他
600793,宜宾纸业,176904002.0000,18.3900,32.532645967800,C22造纸和纸制品业,证监会行业分类,其他
600560,金自天正,223645500.0000,14.5800,32.607513900000,C35专用设备制造业,证监会行业分类,其他
605080,浙江自然,141573040.0000,23.0600,32.646743024000,C17纺织业,证监会行业分类,其他
688571,杭华股份,420128500.0000,7.7800,32.685997300000,C26化学原料和化学制品制造业,证监会行业分类,其他
688302,海创药业,72724459.0000,45.0700,32.776913671300,C27医药制造业,证监会行业分类,医药
603956,威派格,569906286.0000,5.7600,32.826602073600,C35专用设备制造业,证监会行业分类,其他
688570,天玛智控,186010000.0000,17.6600,32.849366000000,C40仪器仪表制造业,证监会行业分类,其他
603006,联明股份,254254250.0000,12.9200,32.849649100000,C36汽车制造业,证监会行业分类,其他
688557,兰剑智能,102207980.0000,32.1700,32.880307166000,C34通用设备制造业,证监会行业分类,其他
688334,西高院,153738903.0000,21.4000,32.900125242000,M74专业技术服务业,证监会行业分类,其他
603086,先达股份,434813143.0000,7.5900,33.002317553700,C26化学原料和化学制品制造业,证监会行业分类,其他
605089,味知香,138000000.0000,23.9500,33.051000000000,C13农副食品加工业,证监会行业分类,其他
688285,高铁电气,376289913.0000,8.8000,33.113512344000,C37铁路、船舶、航空航天和其他运输设备制造业,证监会行业分类,其他
603095,越剑智能,184800000.0000,17.9500,33.171600000000,C35专用设备制造业,证监会行业分类,其他
603192,汇得科技,138666667.0000,23.9400,33.196800079800,C26化学原料和化学制品制造业,证监会行业分类,其他
688283,坤恒顺维,85491571.0000,39.2100,33.521244989100,C40仪器仪表制造业,证监会行业分类,其他
688358,祥生医疗,112124537.0000,29.9200,33.547661470400,C35专用设备制造业,证监会行业分类,其他
600333,长春燃气,609030684.0000,5.5200,33.618493756800,D45燃气生产和供应业,证监会行业分类,其他
000068,上证资源,1006671464.0000,3.3500,33.723494044000,F51批发业,证监会行业分类,其他
000068,华控赛格,1006671464.0000,3.3500,33.723494044000,F51批发业,证监会行业分类,其他
603289,泰瑞机器,293362512.0000,11.5200,33.795361382400,C35专用设备制造业,证监会行业分类,其他
600630,龙头股份,424861597.0000,7.9600,33.818983121200,C18纺织服装、服饰业,证监会行业分类,其他
600052,东望时代,844194741.0000,4.0100,33.852209114100,R87广播、电视、电影和录音制作业,证监会行业分类,其他
688486,龙迅股份,56937581.0000,59.6800,33.980348340800,I65软件和信息技术服务业,证监会行业分类,科技
688133,泰坦科技,164436977.0000,20.7800,34.170003820600,M73研究和试验发展,证监会行业分类,其他
688272,富吉瑞,76000000.0000,44.9800,34.184800000000,C39计算机、通信和其他电子设备制造业,证监会行业分类,科技
688360,德马科技,174065223.0000,19.6800,34.256035886400,C34通用设备制造业,证监会行业分类,其他
600239,云南城投,1605686909.0000,2.1400,34.361699852600,K70房地产业,证监会行业分类,其他
600354,敦煌种业,527802080.0000,6.5300,34.465475824000,A05农、林、牧、渔专业及辅助性活动,证监会行业分类,其他
600616,金枫酒业,669004950.0000,5.1600,34.520655420000,C15酒、饮料和精制茶制造业,证监会行业分类,其他
600594,益佰制药,791927400.0000,4.3600,34.528034640000,C27医药制造业,证监会行业分类,医药
688416,恒烁股份,47801677.0000,72.8100,34.804401023700,C39计算机、通信和其他电子设备制造业,证监会行业分类,科技
688552,航天南湖,83993352.0000,41.5000,34.857241080000,C39计算机、通信和其他电子设备制造业,证监会行业分类,科技
603159,上海亚虹,140000000.0000,24.9700,34.958000000000,C29橡胶和塑料制品业,证监会行业分类,其他
688615,合合信息,20000000.0000,175.0000,35.000000000000,I65软件和信息技术服务业,证监会行业分类,科技
688648,中邮科技,66128924.0000,53.7200,35.524457972800,C34通用设备制造业,证监会行业分类,其他
688590,新致软件,262887614.0000,13.5600,35.647560458400,I65软件和信息技术服务业,证监会行业分类,科技
601033,永兴股份,240000000.0000,14.8600,35.664000000000,N77生态保护和环境治理业,证监会行业分类,其他
688551,科威尔,84070709.0000,42.8600,36.032705877400,C35专用设备制造业,证监会行业分类,其他
603828,ST柯利达,595939625.0000,6.0700,36.173535237500,E50建筑装饰、装修和其他建筑业,证监会行业分类,其他
603648,畅联股份,362412800.0000,10.0100,36.277521280000,L72商务服务业,证监会行业分类,其他
000151,上证国有企业红利指数,307934695.0000,11.8000,36.336294010000,F51批发业,证监会行业分类,其他
000151,中成股份,307934695.0000,11.8000,36.336294010000,F51批发业,证监会行业分类,其他
603579,荣泰健康,177396529.0000,20.5000,36.366288445000,C38电气机械和器材制造业,证监会行业分类,其他
603798,康普顿,256449650.0000,14.2000,36.415850300000,C25石油、煤炭及其他燃料加工业,证监会行业分类,资源
600136,ST明诚,1943089494.0000,1.8800,36.530082487200,R87广播、电视、电影和录音制作业,证监会行业分类,其他
605218,伟时电子,212833460.0000,17.1700,36.543505082000,C39计算机、通信和其他电子设备制造业,证监会行业分类,科技
688098,申联生物,410644000.0000,8.9000,36.547316000000,C27医药制造业,证监会行业分类,医药
603577,汇金通,339139100.0000,10.8200,36.694850620000,C33金属制品业,证监会行业分类,其他
600678,四川金顶,348990000.0000,10.5800,36.923142000000,C30非金属矿物制品业,证监会行业分类,其他
688786,悦安新材,119833336.0000,30.8500,36.968584156000,C33金属制品业,证监会行业分类,其他
603266,天龙股份,198886750.0000,18.6300,37.052601525000,C29橡胶和塑料制品业,证监会行业分类,其他
688722,同益中,224105200.0000,16.6600,37.335926320000,C28化学纤维制造业,证监会行业分类,其他
688410,山外山,234553572.0000,15.9500,37.411294734000,C35专用设备制造业,证监会行业分类,其他
603163,圣晖集成,35002750.0000,107.3200,37.564951300000,E49建筑安装业,证监会行业分类,其他
688159,有方科技,91679495.0000,41.0000,37.588592950000,C39计算机、通信和其他电子设备制造业,证监会行业分类,科技
603278,大业股份,341759392.0000,11.0000,37.593533120000,C33金属制品业,证监会行业分类,其他
605500,森林包装,414400000.0000,9.0800,37.627520000000,C22造纸和纸制品业,证监会行业分类,其他
600180,瑞茂通,1086627464.0000,3.4700,37.705973000800,F51批发业,证监会行业分类,其他
688232,新点软件,173480752.0000,21.8000,37.818803936000,I65软件和信息技术服务业,证监会行业分类,科技
603101,汇嘉时代,470400000.0000,8.0800,38.008320000000,F52零售业,证监会行业分类,其他
600520,三佳科技,158430000.0000,24.0100,38.039043000000,C35专用设备制造业,证监会行业分类,其他
600293,三峡新材,1160145046.0000,3.2800,38.052757508800,C30非金属矿物制品业,证监会行业分类,其他
688317,之江生物,192157999.0000,19.8300,38.104931201700,C27医药制造业,证监会行业分类,医药
605138,盛泰集团,555562416.0000,6.8600,38.111581737600,C18纺织服装、服饰业,证监会行业分类,其他
688229,博睿数据,44400000.0000,85.9400,38.157360000000,I65软件和信息技术服务业,证监会行业分类,科技
605588,冠石科技,73099561.0000,52.3800,38.289550051800,C39计算机、通信和其他电子设备制造业,证监会行业分类,科技
688170,德龙激光,79615000.0000,48.3500,38.493852500000,C35专用设备制造业,证监会行业分类,其他
600249,两面针,550000000.0000,7.0100,38.555000000000,C26化学原料和化学制品制造业,证监会行业分类,其他
600318,新力金融,512727632.0000,7.5200,38.557117926400,J66货币金融服务,证监会行业分类,其他
688199,久日新材,161227251.0000,24.1000,38.855767491000,C26化学原料和化学制品制造业,证监会行业分类,其他
600785,新华百货,225631280.0000,17.2700,38.966522056000,F52零售业,证监会行业分类,其他
600526,菲达环保,711626073.0000,5.4800,38.997108800400,C35专用设备制造业,证监会行业分类,其他
000910,沪深300工业指数,547117000.0000,7.1300,39.009442100000,C20木材加工和木、竹、藤、棕、草制品业,证监会行业分类,其他
000910,大亚圣象,547117000.0000,7.1300,39.009442100000,C20木材加工和木、竹、藤、棕、草制品业,证监会行业分类,其他
688381,帝奥微,183546400.0000,21.2600,39.021964640000,C39计算机、通信和其他电子设备制造业,证监会行业分类,科技
603808,歌力思,369092878.0000,10.6100,39.160754355800,C18纺织服装、服饰业,证监会行业分类,其他
600579,中化装备,494712359.0000,7.9300,39.230690068700,C35专用设备制造业,证监会行业分类,其他
600503,华丽家族,1602290000.0000,2.4500,39.256105000000,K70房地产业,证监会行业分类,其他
000931,中证可选消费指数,746029532.0000,5.2900,39.464962242800,C27医药制造业,证监会行业分类,医药
000931,中关村,746029532.0000,5.2900,39.464962242800,C27医药制造业,证监会行业分类,医药
603585,苏利股份,180003393.0000,21.9900,39.582746120700,C26化学原料和化学制品制造业,证监会行业分类,其他
600234,科新发展,262520973.0000,15.1000,39.640666923000,E50建筑装饰、装修和其他建筑业,证监会行业分类,其他
688259,创耀科技,111700000.0000,35.5600,39.720520000000,I65软件和信息技术服务业,证监会行业分类,科技
603801,志邦家居,434349942.0000,9.1800,39.873324675600,C21家具制造业,证监会行业分类,其他
603339,四方科技,309441175.0000,12.9000,39.917911575000,C33金属制品业,证监会行业分类,其他
603191,望变电气,186125866.0000,21.4500,39.923998257000,C38电气机械和器材制造业,证监会行业分类,其他
600218,全柴动力,435599919.0000,9.2100,40.118752539900,C34通用设备制造业,证监会行业分类,其他
000037,上证医药卫生行业指数,338908150.0000,11.8500,40.160615775000,D44电力、热力生产和供应业,证监会行业分类,其他
000037,深南电A,338908150.0000,11.8500,40.160615775000,D44电力、热力生产和供应业,证监会行业分类,其他
688680,海优新材,84020325.0000,47.8300,40.186921447500,C29橡胶和塑料制品业,证监会行业分类,其他
600822,上海物贸,396147908.0000,10.1600,40.248627452800,F51批发业,证监会行业分类,其他
600638,新黄浦,673396786.0000,5.9900,40.336467481400,K70房地产业,证监会行业分类,其他
600853,龙建股份,1011441846.0000,3.9900,40.356529655400,E48土木工程建筑业,证监会行业分类,其他
603628,清源股份,272168400.0000,14.8400,40.389790560000,C38电气机械和器材制造业,证监会行业分类,其他
603258,电魂网络,240642350.0000,16.7900,40.403850565000,I64互联网和相关服务,证监会行业分类,其他
600229,城市传媒,671208000.0000,6.0200,40.406721600000,R86新闻和出版业,证监会行业分类,其他
000906,中证800指数,700153264.0000,5.8200,40.748919964800,L72商务服务业,证监会行业分类,其他
000906,浙商中拓,700153264.0000,5.8200,40.748919964800,L72商务服务业,证监会行业分类,其他
688609,九联科技,500000000.0000,8.1900,40.950000000000,C39计算机、通信和其他电子设备制造业,证监会行业分类,科技
605388,均瑶健康,600484000.0000,6.8200,40.953008800000,C15酒、饮料和精制茶制造业,证监会行业分类,其他
688148,芳源股份,510173053.0000,8.0300,40.966896155900,C39计算机、通信和其他电子设备制造业,证监会行业分类,科技
688689,银河微电,128903167.0000,31.9400,41.171671539800,C39计算机、通信和其他电子设备制造业,证监会行业分类,科技
603719,良品铺子,401000000.0000,10.2700,41.182700000000,F52零售业,证监会行业分类,其他
688379,华光新材,90085520.0000,45.7300,41.196108296000,C33金属制品业,证监会行业分类,其他
603390,通达电气,349755265.0000,11.8500,41.445998902500,C39计算机、通信和其他电子设备制造业,证监会行业分类,科技
600289,ST信通,565922684.0000,7.3300,41.482132737200,I65软件和信息技术服务业,证监会行业分类,科技
688015,交控科技,188680742.0000,22.0200,41.547499388400,C37铁路、船舶、航空航天和其他运输设备制造业,证监会行业分类,其他
688181,八亿时空,134481546.0000,31.0400,41.743071878400,C39计算机、通信和其他电子设备制造业,证监会行业分类,科技
603790,雅运股份,191360000.0000,21.9200,41.946112000000,C26化学原料和化学制品制造业,证监会行业分类,其他
600729,重庆百货,191212344.0000,22.0800,42.219685555200,F52零售业,证监会行业分类,其他
688339,亿华通,159389523.0000,26.5000,42.238223595000,C38电气机械和器材制造业,证监会行业分类,其他
688081,兴图新科,103040000.0000,41.0000,42.246400000000,C39计算机、通信和其他电子设备制造业,证监会行业分类,科技
688533,上声电子,162847152.0000,26.0200,42.372828950400,C39计算机、通信和其他电子设备制造业,证监会行业分类,科技
605128,上海沿浦,130487526.0000,32.5200,42.434543455200,C36汽车制造业,证监会行业分类,其他
600865,百大集团,376240316.0000,11.3000,42.515155708000,F52零售业,证监会行业分类,其他
605028,世茂能源,160000000.0000,26.6000,42.560000000000,D44电力、热力生产和供应业,证监会行业分类,其他
600716,凤凰股份,936060590.0000,4.5500,42.590756845000,K70房地产业,证监会行业分类,其他
605068,明新旭腾,162140136.0000,26.4800,42.934708012800,C19皮革、毛皮、羽毛及其制品和制鞋业,证监会行业分类,其他
688595,芯海科技,142425592.0000,30.1600,42.955558547200,C39计算机、通信和其他电子设备制造业,证监会行业分类,科技
688157,松井股份,111736486.0000,38.4500,42.962678867000,C26化学原料和化学制品制造业,证监会行业分类,其他
000919,沪深300价值指数,590359462.0000,7.3300,43.273348564600,C27医药制造业,证监会行业分类,医药
000919,金陵药业,590359462.0000,7.3300,43.273348564600,C27医药制造业,证监会行业分类,医药
603697,有友食品,427692098.0000,10.1200,43.282440317600,C13农副食品加工业,证监会行业分类,其他
605300,佳禾食品,400010000.0000,10.8600,43.441086000000,C14食品制造业,证监会行业分类,其他
605377,华旺科技,463891890.0000,9.3700,43.466670093000,C22造纸和纸制品业,证监会行业分类,其他
603661,恒林股份,139067031.0000,31.2800,43.500167296800,C21家具制造业,证监会行业分类,其他
603566,普莱柯,346062273.0000,12.6000,43.603846398000,C27医药制造业,证监会行业分类,医药
603309,维力医疗,291871418.0000,14.9600,43.663964132800,C35专用设备制造业,证监会行业分类,其他
601999,出版传媒,550914700.0000,7.9500,43.797718650000,R86新闻和出版业,证监会行业分类,其他
688569,铁科轨道,210666700.0000,20.8200,43.860806940000,C37铁路、船舶、航空航天和其他运输设备制造业,证监会行业分类,其他
600684,珠江股份,853460723.0000,5.1500,43.953227234500,K70房地产业,证监会行业分类,其他
600527,江南高纤,1731760902.0000,2.5400,43.986726910800,C28化学纤维制造业,证监会行业分类,其他
605055,迎丰股份,440000000.0000,10.0700,44.308000000000,C17纺织业,证监会行业分类,其他
600843,上工申贝,469222730.0000,9.4800,44.482314804000,C35专用设备制造业,证监会行业分类,其他
603980,吉华集团,676833360.0000,6.5800,44.535635088000,C26化学原料和化学制品制造业,证监会行业分类,其他
603357,设计总院,550589276.0000,8.1500,44.873025994000,M74专业技术服务业,证监会行业分类,其他
000011,上证基金指数,526475543.0000,8.5800,45.171601589400,K70房地产业,证监会行业分类,其他
000011,深物业A,526475543.0000,8.5800,45.171601589400,K70房地产业,证监会行业分类,其他
603958,哈森股份,219360000.0000,20.6000,45.188160000000,C19皮革、毛皮、羽毛及其制品和制鞋业,证监会行业分类,其他
600792,云煤能源,1059868113.0000,4.2700,45.256368425100,C25石油、煤炭及其他燃料加工业,证监会行业分类,资源
688280,精进电动,459660046.0000,9.8600,45.322480535600,C36汽车制造业,证监会行业分类,其他
601599,浙文影业,1160542453.0000,3.9100,45.377209912300,C17纺织业,证监会行业分类,其他
605398,新炬网络,162716379.0000,27.9000,45.397869741000,I65软件和信息技术服务业,证监会行业分类,科技
000007,上证公用事业指数,346448044.0000,13.1100,45.419338568400,K70房地产业,证监会行业分类,其他
000007,全新好,346448044.0000,13.1100,45.419338568400,K70房地产业,证监会行业分类,其他
603966,法兰泰克,358697472.0000,12.6700,45.446969702400,C34通用设备制造业,证监会行业分类,其他
603615,茶花股份,241820000.0000,18.8000,45.462160000000,C29橡胶和塑料制品业,证监会行业分类,其他
688739,成大生物,183971587.0000,24.9700,45.937705273900,C27医药制造业,证监会行业分类,医药
603232,格尔软件,231300695.0000,19.9300,46.098228513500,I65软件和信息技术服务业,证监会行业分类,科技
600568,ST中珠,1669067279.0000,2.7700,46.233163628300,Q84卫生,证监会行业分类,其他
603967,中创物流,346666710.0000,13.3600,46.314672456000,G58多式联运和运输代理业,证监会行业分类,其他
603223,恒通股份,553190400.0000,8.4600,46.799907840000,D45燃气生产和供应业,证监会行业分类,其他
000850,华茂股份,943396879.0000,4.9700,46.886824886300,C17纺织业,证监会行业分类,其他
603106,恒银科技,520520000.0000,9.0200,46.950904000000,C39计算机、通信和其他电子设备制造业,证监会行业分类,科技
603716,塞力医疗,191016661.0000,24.6600,47.104708602600,F51批发业,证监会行业分类,其他
600628,新世界,646875384.0000,7.3000,47.221903032000,F52零售业,证监会行业分类,其他
688697,纽威数控,326666700.0000,14.4700,47.268671490000,C34通用设备制造业,证监会行业分类,其他
688588,凌志软件,400010003.0000,11.8200,47.281182354600,I65软件和信息技术服务业,证监会行业分类,科技
600351,亚宝药业,700000046.0000,6.7700,47.390003114200,C27医药制造业,证监会行业分类,医药
000816,细分地产,1436725522.0000,3.3000,47.411942226000,C34通用设备制造业,证监会行业分类,其他
000816,智慧农业,1436725522.0000,3.3000,47.411942226000,C34通用设备制造业,证监会行业分类,其他
688085,三友医疗,248453535.0000,19.1300,47.529161245500,C35专用设备制造业,证监会行业分类,其他
603676,卫信康,435161500.0000,10.9500,47.650184250000,C27医药制造业,证监会行业分类,医药
600076,康欣新材,1344543367.0000,3.5500,47.731289528500,C20木材加工和木、竹、藤、棕、草制品业,证监会行业分类,其他
603333,尚纬股份,621527586.0000,7.7400,48.106235156400,C38电气机械和器材制造业,证监会行业分类,其他
600505,西昌电力,364567500.0000,13.2400,48.268737000000,D44电力、热力生产和供应业,证监会行业分类,其他
000925,中证锐联基本面50指数,675081608.0000,7.1900,48.538367615200,C37铁路、船舶、航空航天和其他运输设备制造业,证监会行业分类,其他
000925,众合科技,675081608.0000,7.1900,48.538367615200,C37铁路、船舶、航空航天和其他运输设备制造业,证监会行业分类,其他
688179,阿拉丁,277385321.0000,17.5000,48.542431175000,M73研究和试验发展,证监会行业分类,其他
600593,大连圣亚,128800000.0000,37.7700,48.647760000000,N78公共设施管理业,证监会行业分类,其他
688628,优利德,111154797.0000,43.9800,48.885879720600,C40仪器仪表制造业,证监会行业分类,其他
603998,方盛制药,439081360.0000,11.2100,49.221020456000,C27医药制造业,证监会行业分类,医药
603398,*ST沐邦,433641524.0000,11.3600,49.261677126400,C38电气机械和器材制造业,证监会行业分类,其他
688531,日联科技,73206325.0000,67.4400,49.370345580000,C35专用设备制造业,证监会行业分类,其他
600984,建设机械,1257043925.0000,3.9300,49.401826252500,L71租赁业,证监会行业分类,其他
603155,新亚强,315786800.0000,15.7300,49.673263640000,C26化学原料和化学制品制造业,证监会行业分类,其他
688066,航天宏图,261277407.0000,19.0900,49.877856996300,I65软件和信息技术服务业,证监会行业分类,科技
688269,凯立新材,130704000.0000,38.2500,49.994280000000,C26化学原料和化学制品制造业,证监会行业分类,其他
688023,安恒信息,102065545.0000,49.0500,50.063149822500,I65软件和信息技术服务业,证监会行业分类,科技
605133,嵘泰股份,184918516.0000,27.2700,50.427279313200,C36汽车制造业,证监会行业分类,其他
000903,中证A100指数,1920261648.0000,2.6300,50.502881342400,C34通用设备制造业,证监会行业分类,其他
000903,ST云动,1920261648.0000,2.6300,50.502881342400,C34通用设备制造业,证监会行业分类,其他
603060,国检集团,803928549.0000,6.2900,50.567105732100,M74专业技术服务业,证监会行业分类,其他
688606,奥泰生物,79280855.0000,63.8000,50.581185490000,C27医药制造业,证监会行业分类,医药
603558,健盛集团,353183149.0000,14.3300,50.611145251700,C18纺织服装、服饰业,证监会行业分类,其他
000819,有色金属,348802723.0000,14.5500,50.750796196500,C25石油、煤炭及其他燃料加工业,证监会行业分类,资源
000819,岳阳兴长,348802723.0000,14.5500,50.750796196500,C25石油、煤炭及其他燃料加工业,证监会行业分类,资源
600558,大西洋,897604831.0000,5.6600,50.804433434600,C33金属制品业,证监会行业分类,其他
688683,莱尔科技,155177929.0000,33.0000,51.208716570000,C39计算机、通信和其他电子设备制造业,证监会行业分类,科技
000026,上证180资源指数,364769323.0000,14.0700,51.323043746100,F52零售业,证监会行业分类,其他
000026,飞亚达,364769323.0000,14.0700,51.323043746100,F52零售业,证监会行业分类,其他
688335,复洁科技,148034592.0000,34.8000,51.516038016000,C35专用设备制造业,证监会行业分类,其他
000096,上证下游,510848000.0000,10.1200,51.697817600000,F51批发业,证监会行业分类,其他
000096,广聚能源,510848000.0000,10.1200,51.697817600000,F51批发业,证监会行业分类,其他
688212,澳华内镜,134665250.0000,38.4000,51.711456000000,C35专用设备制造业,证监会行业分类,其他
600650,锦江在线,390560075.0000,13.2700,51.827321952500,G54道路运输业,证监会行业分类,其他
600658,电子城,1118585045.0000,4.6800,52.349780106000,K70房地产业,证监会行业分类,其他
600976,健民集团,153298600.0000,34.3000,52.581419800000,F51批发业,证监会行业分类,其他
600800,渤海化学,1109730216.0000,4.7500,52.712185260000,C26化学原料和化学制品制造业,证监会行业分类,其他
688143,长盈通,94522576.0000,55.8800,52.819215468800,C39计算机、通信和其他电子设备制造业,证监会行业分类,科技
688090,瑞松科技,94194479.0000,56.1800,52.918458302200,C34通用设备制造业,证监会行业分类,其他
688733,壹石通,199775190.0000,26.4900,52.920447831000,C39计算机、通信和其他电子设备制造业,证监会行业分类,科技
600880,博瑞传播,1093030175.0000,4.8800,53.339872540000,R86新闻和出版业,证监会行业分类,其他
603408,建霖家居,447573000.0000,11.9600,53.529730800000,C29橡胶和塑料制品业,证监会行业分类,其他
603217,元利科技,208087600.0000,25.7400,53.561748240000,C26化学原料和化学制品制造业,证监会行业分类,其他
603636,南威软件,580360523.0000,9.2400,53.625312325200,I65软件和信息技术服务业,证监会行业分类,科技
603598,引力传媒,267862900.0000,20.0600,53.733297740000,L72商务服务业,证监会行业分类,其他
688389,普门科技,428485730.0000,12.5500,53.774959115000,C35专用设备制造业,证监会行业分类,其他
688168,安博通,76855124.0000,69.9900,53.790901287600,I65软件和信息技术服务业,证监会行业分类,科技
603387,基蛋生物,507153517.0000,10.6300,53.910418857100,C27医药制造业,证监会行业分类,医药
688480,赛恩斯,63846179.0000,84.4500,53.918098165500,N77生态保护和环境治理业,证监会行业分类,其他
688101,三达膜,332012066.0000,16.2400,53.918759518400,C35专用设备制造业,证监会行业分类,其他
600881,亚泰集团,3248913588.0000,1.6600,53.931965560800,C30非金属矿物制品业,证监会行业分类,其他
688523,航天环宇,85325295.0000,63.2300,53.951184028500,C37铁路、船舶、航空航天和其他运输设备制造业,证监会行业分类,其他
605319,无锡振华,213681583.0000,25.2500,53.954599707500,C36汽车制造业,证监会行业分类,其他
600819,耀皮玻璃,747416067.0000,7.2500,54.187664857500,C30非金属矿物制品业,证监会行业分类,其他
600199,金种子酒,657796824.0000,8.2600,54.334017662400,C15酒、饮料和精制茶制造业,证监会行业分类,其他
600071,凤凰光学,281573889.0000,19.3800,54.569019688200,C40仪器仪表制造业,证监会行业分类,其他
603429,*ST集友,524485465.0000,10.4500,54.808731092500,C23印刷和记录媒介复制业,证监会行业分类,其他
688456,有研粉材,103660000.0000,52.9300,54.867238000000,C33金属制品业,证监会行业分类,其他
603666,亿嘉和,206490816.0000,26.6400,55.009153382400,C34通用设备制造业,证监会行业分类,其他
603365,水星家纺,258063500.0000,21.3200,55.019138200000,C17纺织业,证监会行业分类,其他
600152,维科技术,529079375.0000,10.4000,55.024255000000,C38电气机械和器材制造业,证监会行业分类,其他
605007,五洲特纸,401549828.0000,13.7500,55.213101350000,C22造纸和纸制品业,证监会行业分类,其他
000016,上证50指数,1596593800.0000,3.4700,55.401804860000,C39计算机、通信和其他电子设备制造业,证监会行业分类,科技
000016,深康佳A,1596593800.0000,3.4700,55.401804860000,C39计算机、通信和其他电子设备制造业,证监会行业分类,科技
688535,华海诚科,51446548.0000,107.9800,55.551982530400,C39计算机、通信和其他电子设备制造业,证监会行业分类,科技
600067,冠城新材,1391668739.0000,4.0000,55.666749560000,C38电气机械和器材制造业,证监会行业分类,其他
600375,汉马科技,1087685760.0000,5.1200,55.689510912000,C36汽车制造业,证监会行业分类,其他
600237,铜峰电子,621676155.0000,8.9600,55.702183488000,C39计算机、通信和其他电子设备制造业,证监会行业分类,科技
600121,郑州煤电,1218412038.0000,4.5800,55.803271340400,B06煤炭开采和洗选业,证监会行业分类,资源
603105,芯能科技,500006441.0000,11.2600,56.300725256600,D44电力、热力生产和供应业,证监会行业分类,其他
603901,永创智能,483841606.0000,11.7100,56.657852062600,C34通用设备制造业,证监会行业分类,其他
603010,万盛股份,485272654.0000,11.6800,56.679845987200,C26化学原料和化学制品制造业,证监会行业分类,其他
600814,杭州解百,729492148.0000,7.7700,56.681539899600,F52零售业,证监会行业分类,其他
600088,中视传媒,397706400.0000,14.3400,57.031097760000,R87广播、电视、电影和录音制作业,证监会行业分类,其他
600336,澳柯玛,798014769.0000,7.1600,57.137857460400,C38电气机械和器材制造业,证监会行业分类,其他
600758,辽宁能源,1320743394.0000,4.3600,57.584411978400,B06煤炭开采和洗选业,证监会行业分类,资源
688305,科德数控,101702906.0000,56.9800,57.950315838800,C34通用设备制造业,证监会行业分类,其他
601177,杭齿前进,400060000.0000,14.5000,58.008700000000,C34通用设备制造业,证监会行业分类,其他
600308,华泰股份,1516870176.0000,3.8300,58.096127740800,C22造纸和纸制品业,证监会行业分类,其他
600231,凌钢股份,2819185135.0000,2.0700,58.357132294500,C31黑色金属冶炼和压延加工业,证监会行业分类,其他
603070,万控智造,395416908.0000,14.8000,58.521702384000,C38电气机械和器材制造业,证监会行业分类,其他
600817,宇通重工,527249346.0000,11.1000,58.524677406000,C35专用设备制造业,证监会行业分类,其他
600681,百川能源,1339808772.0000,4.3800,58.683624213600,D45燃气生产和供应业,证监会行业分类,其他
603587,地素时尚,474092787.0000,12.4100,58.834914866700,C18纺织服装、服饰业,证监会行业分类,其他
000042,上证中央企业50指数,664131202.0000,8.8600,58.842024497200,K70房地产业,证监会行业分类,其他
000042,中洲控股,664131202.0000,8.8600,58.842024497200,K70房地产业,证监会行业分类,其他
688543,国科军工,88252829.0000,66.7800,58.935239206200,C37铁路、船舶、航空航天和其他运输设备制造业,证监会行业分类,其他
603383,顶点软件,204498019.0000,29.0500,59.406674519500,I65软件和信息技术服务业,证监会行业分类,科技
605577,龙版传媒,444444445.0000,13.3900,59.511111185500,R86新闻和出版业,证监会行业分类,其他
688788,科思科技,105747925.0000,56.3300,59.567806152500,C39计算机、通信和其他电子设备制造业,证监会行业分类,科技
600861,北京人力,366574848.0000,16.2900,59.715042739200,L72商务服务业,证监会行业分类,其他
688591,泰凌微,165293820.0000,36.1600,59.770245312000,C39计算机、通信和其他电子设备制造业,证监会行业分类,科技
600382,广东明珠,694408089.0000,8.6300,59.927418080700,B08黑色金属矿采选业,证监会行业分类,资源
688356,键凯科技,60650700.0000,98.9000,59.983542300000,C26化学原料和化学制品制造业,证监会行业分类,其他
603213,镇洋发展,434805668.0000,13.8200,60.090143317600,C26化学原料和化学制品制造业,证监会行业分类,其他
688315,诺禾致源,416200000.0000,14.4500,60.140900000000,M73研究和试验发展,证监会行业分类,其他
600495,晋西车轴,1208190886.0000,4.9800,60.167906122800,C37铁路、船舶、航空航天和其他运输设备制造业,证监会行业分类,其他
601218,吉鑫科技,969033512.0000,6.2600,60.661497851200,C33金属制品业,证监会行业分类,其他
688515,裕太微,49819400.0000,121.8000,60.680029200000,I65软件和信息技术服务业,证监会行业分类,科技
688553,汇宇制药,309533234.0000,19.6900,60.947093774600,C27医药制造业,证监会行业分类,医药
600361,创新新材,1469261844.0000,4.1500,60.974366526000,C32有色金属冶炼和压延加工业,证监会行业分类,资源
600982,宁波能源,1117627485.0000,5.5200,61.693037172000,D44电力、热力生产和供应业,证监会行业分类,其他
603590,康辰药业,157237477.0000,39.3600,61.888670947200,C27医药制造业,证监会行业分类,医药
601566,九牧王,574637150.0000,10.8000,62.060812200000,C18纺织服装、服饰业,证监会行业分类,其他
600279,重庆港,1186866283.0000,5.2300,62.073106600900,G55水上运输业,证监会行业分类,其他
688380,中微半导,147780000.0000,42.0900,62.200602000000,C39计算机、通信和其他电子设备制造业,证监会行业分类,科技
600288,大恒科技,436800000.0000,14.2600,62.287680000000,C39计算机、通信和其他电子设备制造业,证监会行业分类,科技
000045,上证小盘,457000849.0000,13.6900,62.563416228100,C39计算机、通信和其他电子设备制造业,证监会行业分类,科技
000045,深纺织A,457000849.0000,13.6900,62.563416228100,C39计算机、通信和其他电子设备制造业,证监会行业分类,科技
688566,吉贝尔,199430865.0000,31.4000,62.621291610000,C27医药制造业,证监会行业分类,医药
600035,楚天高速,1610115901.0000,3.9000,62.794520139000,G54道路运输业,证监会行业分类,其他
605287,德才股份,140000000.0000,45.0800,63.112000000000,E50建筑装饰、装修和其他建筑业,证监会行业分类,其他
000025,上证180基建指数,392778320.0000,16.1200,63.315865184000,F51批发业,证监会行业分类,其他
000025,特力A,392778320.0000,16.1200,63.315865184000,F51批发业,证监会行业分类,其他
688679,通源环境,131689675.0000,48.1800,63.448085415000,N77生态保护和环境治理业,证监会行业分类,其他
605086,龙高股份,179200000.0000,35.6100,63.813120000000,B10非金属矿采选业,证监会行业分类,其他
688147,微导纳米,97678129.0000,65.5200,63.998710120800,C35专用设备制造业,证监会行业分类,其他
600610,中毅达,708726705.0000,9.1300,64.706748166500,C26化学原料和化学制品制造业,证监会行业分类,其他
603843,*ST正平,699623237.0000,9.2800,64.925036393600,E48土木工程建筑业,证监会行业分类,其他
000852,中证1000指数,941001379.0000,6.9800,65.681896254200,C35专用设备制造业,证监会行业分类,其他
000852,石化机械,941001379.0000,6.9800,65.681896254200,C35专用设备制造业,证监会行业分类,其他
603131,上海沪工,317991057.0000,20.6700,65.728751481900,C34通用设备制造业,证监会行业分类,其他
603668,天马科技,502335741.0000,13.0900,65.755748496900,C13农副食品加工业,证监会行业分类,其他
688696,极米科技,70000000.0000,94.3300,66.031000000000,C39计算机、通信和其他电子设备制造业,证监会行业分类,科技
600053,九鼎投资,433540800.0000,15.2600,66.158326080000,J67资本市场服务,证监会行业分类,其他
603877,太平鸟,469323226.0000,14.1500,66.409236479000,C18纺织服装、服饰业,证监会行业分类,其他
000993,中证全指信息技术指数,439747572.0000,15.1500,66.621757158000,D44电力、热力生产和供应业,证监会行业分类,其他
000993,闽东电力,439747572.0000,15.1500,66.621757158000,D44电力、热力生产和供应业,证监会行业分类,其他
000989,中证全指可选消费指数,694153353.0000,9.6200,66.777552558600,C27医药制造业,证监会行业分类,医药
000989,九芝堂,694153353.0000,9.6200,66.777552558600,C27医药制造业,证监会行业分类,医药
603196,璞源材料,236988282.0000,28.1800,66.783297867600,C18纺织服装、服饰业,证监会行业分类,其他
000957,沪深300运输指数,592903936.0000,11.2800,66.879563980800,C36汽车制造业,证监会行业分类,其他
000957,中通客车,592903936.0000,11.2800,66.879563980800,C36汽车制造业,证监会行业分类,其他
600815,厦工股份,1774094480.0000,3.7900,67.238180792000,C35专用设备制造业,证监会行业分类,其他
688191,智洋创新,154133547.0000,43.6700,67.310119974900,I65软件和信息技术服务业,证监会行业分类,科技
603122,合富中国,398052633.0000,16.9900,67.629142346700,F51批发业,证监会行业分类,其他
000090,上证流通,1868459934.0000,3.6200,67.638249610800,E48土木工程建筑业,证监会行业分类,其他
000090,天健集团,1868459934.0000,3.6200,67.638249610800,E48土木工程建筑业,证监会行业分类,其他
603368,柳药集团,397168811.0000,17.2000,68.313035492000,F51批发业,证监会行业分类,其他
601500,通用股份,1576860735.0000,4.3400,68.435755899000,C29橡胶和塑料制品业,证监会行业分类,其他
688020,方邦股份,80742998.0000,84.8000,68.470062304000,C39计算机、通信和其他电子设备制造业,证监会行业分类,科技
603757,大元泵业,164746905.0000,41.9900,69.177225409500,C34通用设备制造业,证监会行业分类,其他
688011,新光光电,100000000.0000,69.1900,69.190000000000,C39计算机、通信和其他电子设备制造业,证监会行业分类,科技
600054,黄山旅游,513300000.0000,13.4800,69.192840000000,N78公共设施管理业,证监会行业分类,其他
605179,一鸣食品,401000000.0000,17.2700,69.252700000000,C14食品制造业,证监会行业分类,其他
603822,ST嘉澳,76825886.0000,90.4400,69.481331298400,C25石油、煤炭及其他燃料加工业,证监会行业分类,资源
000908,沪深300能源指数,879774351.0000,7.9000,69.502173729000,C27医药制造业,证监会行业分类,医药
000908,ST景峰,879774351.0000,7.9000,69.502173729000,C27医药制造业,证监会行业分类,医药
603197,保隆科技,213619832.0000,32.5400,69.511893332800,C36汽车制造业,证监会行业分类,其他
603286,日盈电子,114303931.0000,60.9500,69.668245944500,C36汽车制造业,证监会行业分类,其他
605100,华丰股份,169932000.0000,41.3900,70.334854800000,C34通用设备制造业,证监会行业分类,其他
600736,苏州高新,1151292907.0000,6.1400,70.689384489800,K70房地产业,证监会行业分类,其他
000823,中证800有色,536945618.0000,13.2400,71.091599823200,C39计算机、通信和其他电子设备制造业,证监会行业分类,科技
000823,超声电子,536945618.0000,13.2400,71.091599823200,C39计算机、通信和其他电子设备制造业,证监会行业分类,科技
600545,卓郎智能,1787912222.0000,4.0000,71.516488880000,C35专用设备制造业,证监会行业分类,其他
605277,新亚电子,313982369.0000,22.7800,71.525183658200,C38电气机械和器材制造业,证监会行业分类,其他
000036,上证主要消费行业指数,1480828283.0000,4.8400,71.672088897200,K70房地产业,证监会行业分类,其他
000036,华联控股,1480828283.0000,4.8400,71.672088897200,K70房地产业,证监会行业分类,其他
688377,迪威尔,194667000.0000,36.9000,71.832123000000,C35专用设备制造业,证监会行业分类,其他
688087,英科再生,186245490.0000,38.9000,72.449495610000,C42废弃资源综合利用业,证监会行业分类,其他
600770,综艺股份,1300000000.0000,5.5900,72.670000000000,D44电力、热力生产和供应业,证监会行业分类,其他
000913,沪深300医药卫生指数,459744250.0000,15.8500,72.869463625000,C37铁路、船舶、航空航天和其他运输设备制造业,证监会行业分类,其他
000913,钱江摩托,459744250.0000,15.8500,72.869463625000,C37铁路、船舶、航空航天和其他运输设备制造业,证监会行业分类,其他
605366,宏柏新材,632310656.0000,11.5300,72.905418636800,C26化学原料和化学制品制造业,证监会行业分类,其他
600604,市北高新,1407454804.0000,5.2000,73.187649808000,K70房地产业,证监会行业分类,其他
603708,家家悦,638338675.0000,11.4800,73.281279890000,F52零售业,证监会行业分类,其他
000821,沪深300红利指数,604650764.0000,12.1200,73.283672596800,C35专用设备制造业,证监会行业分类,其他
000821,ST京机,604650764.0000,12.1200,73.283672596800,C35专用设备制造业,证监会行业分类,其他
688408,中信博,202384670.0000,36.6800,74.234696956000,C38电气机械和器材制造业,证监会行业分类,其他
688677,海泰新光,120614000.0000,62.7900,75.733530600000,C35专用设备制造业,证监会行业分类,其他
600611,大众交通,1563316364.0000,4.8500,75.820843654000,G54道路运输业,证监会行业分类,其他
603507,振江股份,184301307.0000,41.3000,76.116439791000,C38电气机械和器材制造业,证监会行业分类,其他
600742,富维股份,743057880.0000,10.2600,76.237738488000,C36汽车制造业,证监会行业分类,其他
603991,至正股份,74534998.0000,102.3800,76.308930952400,C29橡胶和塑料制品业,证监会行业分类,其他
600708,光明地产,2225277771.0000,3.4300,76.327027545300,K70房地产业,证监会行业分类,其他
600789,鲁抗医药,898669632.0000,8.5000,76.386918720000,C27医药制造业,证监会行业分类,医药
603071,物产环能,557954442.0000,13.7100,76.495553998200,F51批发业,证监会行业分类,其他
603686,福龙马,415430404.0000,18.4200,76.522280416800,N78公共设施管理业,证监会行业分类,其他
688621,阳光诺和,112000000.0000,68.7800,77.033600000000,M73研究和试验发展,证监会行业分类,其他
600780,通宝能源,1146502523.0000,6.7400,77.274270050200,D44电力、热力生产和供应业,证监会行业分类,其他
688366,昊海生科,194051855.0000,39.9100,77.446095330500,C35专用设备制造业,证监会行业分类,其他
600103,青山纸业,2212329047.0000,3.5100,77.652749549700,C22造纸和纸制品业,证监会行业分类,其他
600676,交运股份,1028492944.0000,7.6000,78.165463744000,G54道路运输业,证监会行业分类,其他
688365,光云科技,425824684.0000,18.3800,78.266576919200,I65软件和信息技术服务业,证监会行业分类,科技
688196,卓越新能,120000000.0000,65.3800,78.456000000000,C42废弃资源综合利用业,证监会行业分类,其他
600084,中信尼雅,1123726830.0000,7.0300,78.997996149000,C15酒、饮料和精制茶制造业,证监会行业分类,其他
688392,骄成超声,69818761.0000,113.1800,79.020873699800,C35专用设备制造业,证监会行业分类,其他
688418,震有科技,193610000.0000,41.0800,79.534988000000,C39计算机、通信和其他电子设备制造业,证监会行业分类,科技
605008,长鸿高科,642380414.0000,12.4100,79.719409377400,C26化学原料和化学制品制造业,证监会行业分类,其他
000058,全指价值,984711604.0000,8.1000,79.761639924000,L72商务服务业,证监会行业分类,其他
000058,深赛格,984711604.0000,8.1000,79.761639924000,L72商务服务业,证监会行业分类,其他
688062,迈威生物,204170000.0000,39.1500,79.932555000000,C27医药制造业,证监会行业分类,医药
603367,辰欣药业,452754129.0000,17.6700,80.001654594300,C27医药制造业,证监会行业分类,医药
688185,康希诺,114778999.0000,70.0100,80.356777199900,C27医药制造业,证监会行业分类,医药
000912,沪深300主要消费指数,1568000000.0000,5.1600,80.908800000000,C26化学原料和化学制品制造业,证监会行业分类,其他
000912,泸天化,1568000000.0000,5.1600,80.908800000000,C26化学原料和化学制品制造业,证监会行业分类,其他
000922,中证红利指数,587318753.0000,13.7800,80.932524163400,C38电气机械和器材制造业,证监会行业分类,其他
000922,佳电股份,587318753.0000,13.7800,80.932524163400,C38电气机械和器材制造业,证监会行业分类,其他
605011,杭州热电,400100000.0000,20.3300,81.340330000000,D44电力、热力生产和供应业,证监会行业分类,其他
600169,ST太重,3333141500.0000,2.4500,81.661966750000,C35专用设备制造业,证监会行业分类,其他
688510,航亚科技,258382608.0000,31.8100,82.191507604800,C37铁路、船舶、航空航天和其他运输设备制造业,证监会行业分类,其他
605005,合兴股份,401000000.0000,20.5300,82.325300000000,C36汽车制造业,证监会行业分类,其他
601330,绿色动力,989093145.0000,8.3500,82.589277607500,N77生态保护和环境治理业,证监会行业分类,其他
600682,南京新百,1165060275.0000,7.1000,82.719279525000,C27医药制造业,证监会行业分类,医药
600496,精工钢构,2012890171.0000,4.1200,82.931075045200,C33金属制品业,证监会行业分类,其他
600059,古越龙山,911542413.0000,9.1000,82.950359583000,C15酒、饮料和精制茶制造业,证监会行业分类,其他
600734,实达集团,2168428122.0000,3.8400,83.267639884800,I65软件和信息技术服务业,证监会行业分类,科技
688596,正帆科技,292085826.0000,28.5600,83.419711905600,C35专用设备制造业,证监会行业分类,其他
600310,广西能源,1465710722.0000,5.7100,83.692082226200,D44电力、热力生产和供应业,证监会行业分类,其他
603281,江瀚新材,251693916.0000,33.2800,83.763735244800,C26化学原料和化学制品制造业,证监会行业分类,其他
600771,广誉远,489491141.0000,17.1400,83.898781567400,C27医药制造业,证监会行业分类,医药
600305,恒顺醋业,1103026408.0000,7.6500,84.381520212000,C14食品制造业,证监会行业分类,其他
601686,友发集团,1433560637.0000,5.9000,84.580077583000,C33金属制品业,证监会行业分类,其他
600567,山鹰国际,5471330563.0000,1.5500,84.805623726500,C22造纸和纸制品业,证监会行业分类,其他
000905,中证500指数,741808097.0000,11.4400,84.862846296800,F51批发业,证监会行业分类,其他
000905,厦门港务,741808097.0000,11.4400,84.862846296800,F51批发业,证监会行业分类,其他
600963,岳阳林纸,1757567854.0000,4.8400,85.066284133600,C22造纸和纸制品业,证监会行业分类,其他
603078,江化微,385637248.0000,22.1000,85.225831808000,C26化学原料和化学制品制造业,证监会行业分类,其他
688575,亚辉龙,570426800.0000,14.9700,85.392891960000,C27医药制造业,证监会行业分类,医药
600917,重庆燃气,1561039760.0000,5.4800,85.544978848000,D45燃气生产和供应业,证监会行业分类,其他
603166,福达股份,639008651.0000,13.4100,85.691060099100,C36汽车制造业,证监会行业分类,其他
600894,广日股份,859946895.0000,10.0100,86.080684189500,C34通用设备制造业,证监会行业分类,其他
603181,皇马科技,588700000.0000,14.6400,86.185680000000,C26化学原料和化学制品制造业,证监会行业分类,其他
600966,博汇纸业,1336844288.0000,6.4600,86.360141004800,C22造纸和纸制品业,证监会行业分类,其他
000059,全R成长,1599442537.0000,5.4100,86.529841251700,C25石油、煤炭及其他燃料加工业,证监会行业分类,资源
000059,华锦股份,1599442537.0000,5.4100,86.529841251700,C25石油、煤炭及其他燃料加工业,证监会行业分类,资源
600360,*ST华微,960295304.0000,9.0400,86.810695481600,C39计算机、通信和其他电子设备制造业,证监会行业分类,科技
600020,中原高速,2247371832.0000,3.8800,87.198027081600,G54道路运输业,证监会行业分类,其他
000030,上证180相对成长指数,1692411857.0000,5.2000,88.005416564000,C36汽车制造业,证监会行业分类,其他
000030,富奥股份,1692411857.0000,5.2000,88.005416564000,C36汽车制造业,证监会行业分类,其他
000012,上证国债指数,1959267327.0000,4.5000,88.167029715000,C30非金属矿物制品业,证监会行业分类,其他
000012,南玻A,1959267327.0000,4.5000,88.167029715000,C30非金属矿物制品业,证监会行业分类,其他
601579,会稽山,479463409.0000,18.4000,88.221267256000,C15酒、饮料和精制茶制造业,证监会行业分类,其他
688165,埃夫特,521780000.0000,17.0100,88.754778000000,C34通用设备制造业,证监会行业分类,其他
000008,上证综合业类指数,2716233929.0000,3.2700,88.820849478300,C37铁路、船舶、航空航天和其他运输设备制造业,证监会行业分类,其他
000008,神州高铁,2716233929.0000,3.2700,88.820849478300,C37铁路、船舶、航空航天和其他运输设备制造业,证监会行业分类,其他
603299,苏盐井神,774055511.0000,11.5300,89.248600418300,C26化学原料和化学制品制造业,证监会行业分类,其他
600971,恒源煤电,1200004884.0000,7.4900,89.880365811600,B06煤炭开采和洗选业,证监会行业分类,资源
603687,大胜达,550031864.0000,16.3900,90.150222509600,C22造纸和纸制品业,证监会行业分类,其他
603053,成都燃气,888890000.0000,10.1500,90.222335000000,D45燃气生产和供应业,证监会行业分类,其他
000078,电信等权,2626441138.0000,3.4500,90.612219261000,F51批发业,证监会行业分类,其他
000078,海王生物,2626441138.0000,3.4500,90.612219261000,F51批发业,证监会行业分类,其他
688798,艾为电子,135283943.0000,67.3100,91.059622033300,C39计算机、通信和其他电子设备制造业,证监会行业分类,科技
603027,千禾味业,961242590.0000,9.4800,91.125797532000,C14食品制造业,证监会行业分类,其他
600828,茂业商业,1731360181.0000,5.2800,91.415817556800,F52零售业,证监会行业分类,其他
600480,凌云股份,925981090.0000,9.9000,91.672127910000,C36汽车制造业,证监会行业分类,其他
603938,三孚股份,382624497.0000,24.0600,92.059453978200,C26化学原料和化学制品制造业,证监会行业分类,其他
688155,先惠技术,125050244.0000,74.5100,93.174936804400,C35专用设备制造业,证监会行业分类,其他
600129,太极集团,556890744.0000,16.8500,93.836090364000,C27医药制造业,证监会行业分类,医药
600639,浦东金桥,850236703.0000,11.0400,93.866132011200,K70房地产业,证监会行业分类,其他
688257,新锐股份,132723842.0000,71.0000,94.233927820000,C32有色金属冶炼和压延加工业,证监会行业分类,资源
605365,立达信,502012876.0000,18.9100,94.930634851600,C38电气机械和器材制造业,证监会行业分类,其他
600618,氯碱化工,749839976.0000,12.6800,95.079708956800,C26化学原料和化学制品制造业,证监会行业分类,其他
600882,妙可蓝多,512053647.0000,18.6000,95.241978342000,C14食品制造业,证监会行业分类,其他
600502,安徽建工,1716533938.0000,5.5500,95.267633559000,E48土木工程建筑业,证监会行业分类,其他
600123,兰花科创,1473240021.0000,6.4700,95.318629358700,B06煤炭开采和洗选业,证监会行业分类,资源
600812,华北制药,1715730370.0000,5.6200,96.424046794000,C27医药制造业,证监会行业分类,医药
600693,东百集团,868952782.0000,11.1300,96.714444636600,F52零售业,证监会行业分类,其他
000928,中证能源指数,1434627071.0000,6.7700,97.124252706700,E48土木工程建筑业,证监会行业分类,其他
000928,中钢国际,1434627071.0000,6.7700,97.124252706700,E48土木工程建筑业,证监会行业分类,其他
603279,景津装备,572047374.0000,17.0000,97.248053580000,C34通用设备制造业,证监会行业分类,其他
600722,金牛化工,680319676.0000,14.3500,97.625873506000,C26化学原料和化学制品制造业,证监会行业分类,其他
601890,亚星锚链,959400000.0000,10.2700,98.530380000000,C37铁路、船舶、航空航天和其他运输设备制造业,证监会行业分类,其他
605056,咸亨国际,406673240.0000,24.4000,99.228270560000,F51批发业,证监会行业分类,其他
603013,亚普股份,512599264.0000,19.3600,99.239217510400,C36汽车制造业,证监会行业分类,其他
601187,厦门银行,1284046023.0000,7.7500,99.513566782500,J66货币金融服务,证监会行业分类,其他
688050,爱博医疗,189544528.0000,52.5400,99.586695011200,C35专用设备制造业,证监会行业分类,其他
000049,上证民企,384534862.0000,26.2500,100.940401275000,C38电气机械和器材制造业,证监会行业分类,其他
000049,德赛电池,384534862.0000,26.2500,100.940401275000,C38电气机械和器材制造业,证监会行业分类,其他
603341,龙旗科技,266212831.0000,38.1700,101.613437592700,C39计算机、通信和其他电子设备制造业,证监会行业分类,科技
688109,品茗科技,78842300.0000,129.2200,101.880020060000,I65软件和信息技术服务业,证监会行业分类,科技
000950,沪深300基建主题指数,1728184696.0000,5.9000,101.962897064000,F51批发业,证监会行业分类,其他
000950,重药控股,1728184696.0000,5.9000,101.962897064000,F51批发业,证监会行业分类,其他
603977,国泰集团,621241828.0000,16.4400,102.132156523200,C26化学原料和化学制品制造业,证监会行业分类,其他
688128,中国电研,404500000.0000,25.2900,102.298050000000,C35专用设备制造业,证监会行业分类,其他
603738,泰晶科技,389322772.0000,26.3000,102.391889036000,C39计算机、通信和其他电子设备制造业,证监会行业分类,科技
603200,上海洗霸,175480103.0000,59.0200,103.568356790600,N77生态保护和环境治理业,证监会行业分类,其他
600033,福建高速,2744400000.0000,3.7800,103.738320000000,G54道路运输业,证监会行业分类,其他
000828,沪深300高贝塔指数,1039515642.0000,10.0000,103.951564200000,G54道路运输业,证监会行业分类,其他
000828,东莞控股,1039515642.0000,10.0000,103.951564200000,G54道路运输业,证监会行业分类,其他
600037,歌华有线,1391777884.0000,7.5000,104.383341300000,I63电信、广播电视和卫星传输服务,证监会行业分类,其他
601929,吉视传媒,3489788168.0000,3.0100,105.042623856800,I63电信、广播电视和卫星传输服务,证监会行业分类,其他
688277,天智航,449391939.0000,23.4400,105.337470501600,C35专用设备制造业,证监会行业分类,其他
688372,伟测科技,78692088.0000,133.9000,105.368705832000,M74专业技术服务业,证监会行业分类,其他
600210,紫江企业,1516736158.0000,6.9500,105.413162981000,C29橡胶和塑料制品业,证监会行业分类,其他
688690,纳微科技,403814765.0000,26.2700,106.082138765500,C26化学原料和化学制品制造业,证监会行业分类,其他
601339,百隆东方,1499569000.0000,7.2600,108.868709400000,C17纺织业,证监会行业分类,其他
688362,甬矽电子,278577400.0000,39.7400,110.706658760000,C39计算机、通信和其他电子设备制造业,证监会行业分类,科技
688586,江航装备,791339156.0000,13.9900,110.708347924400,C37铁路、船舶、航空航天和其他运输设备制造业,证监会行业分类,其他
600396,华电辽能,1472706817.0000,7.5200,110.747552638400,D44电力、热力生产和供应业,证监会行业分类,其他
603002,宏昌电子,1102163616.0000,10.1400,111.759390662400,C39计算机、通信和其他电子设备制造业,证监会行业分类,科技
688306,均普智能,1228282800.0000,9.1200,112.019391360000,C35专用设备制造业,证监会行业分类,其他
000048,责任指数,526759750.0000,21.2900,112.147150775000,A03畜牧业,证监会行业分类,其他
000048,京基智农,526759750.0000,21.2900,112.147150775000,A03畜牧业,证监会行业分类,其他
605598,上海港湾,243016841.0000,46.4700,112.929926012700,E48土木工程建筑业,证监会行业分类,其他
000833,中证1-7年中高收益企债指数,453702026.0000,25.0500,113.652357513000,S91综合,证监会行业分类,其他
000833,粤桂股份,453702026.0000,25.0500,113.652357513000,S91综合,证监会行业分类,其他
600552,凯盛科技,944606894.0000,12.0900,114.202973484600,C39计算机、通信和其他电子设备制造业,证监会行业分类,科技
601200,上海环境,1346230251.0000,8.5000,114.429571335000,N77生态保护和环境治理业,证监会行业分类,其他
600572,康恩贝,2577670156.0000,4.4600,114.964088957600,C27医药制造业,证监会行业分类,医药
601163,三角轮胎,800000000.0000,14.4000,115.200000000000,C29橡胶和塑料制品业,证监会行业分类,其他
603267,鸿远电子,231080892.0000,50.2100,116.025715873200,C39计算机、通信和其他电子设备制造业,证监会行业分类,科技
688303,大全能源,552705724.0000,21.0200,116.178743184800,C38电气机械和器材制造业,证监会行业分类,其他
600590,泰豪科技,843569523.0000,13.9000,117.256163697000,C38电气机械和器材制造业,证监会行业分类,其他
000032,上证能源行业指数,644763811.0000,18.3000,117.991777413000,E49建筑安装业,证监会行业分类,其他
000032,深桑达A,644763811.0000,18.3000,117.991777413000,E49建筑安装业,证监会行业分类,其他
000031,上证180相对价值指数,4002887169.0000,2.9500,118.085171485500,K70房地产业,证监会行业分类,其他
000031,大悦城,4002887169.0000,2.9500,118.085171485500,K70房地产业,证监会行业分类,其他
000990,中证全指主要消费指数,1215236635.0000,9.8300,119.457761220500,C26化学原料和化学制品制造业,证监会行业分类,其他
000990,诚志股份,1215236635.0000,9.8300,119.457761220500,C26化学原料和化学制品制造业,证监会行业分类,其他
600478,科力远,1665540916.0000,7.1800,119.585837768800,C38电气机械和器材制造业,证监会行业分类,其他
000006,上证房地产指数,1349987396.0000,8.8700,119.743882025200,K70房地产业,证监会行业分类,其他
000006,深振业A,1349987396.0000,8.8700,119.743882025200,K70房地产业,证监会行业分类,其他
601003,柳钢股份,2562793200.0000,4.6800,119.938721760000,C31黑色金属冶炼和压延加工业,证监会行业分类,其他
688233,神工股份,170305736.0000,70.4300,119.946329864800,C39计算机、通信和其他电子设备制造业,证监会行业分类,科技
603093,南华期货,610065893.0000,19.9000,121.403112707000,J67资本市场服务,证监会行业分类,其他
600446,金证股份,946275005.0000,12.8600,121.690965643000,I65软件和信息技术服务业,证监会行业分类,科技
600559,老白干酒,904271444.0000,13.6400,123.342624961600,C15酒、饮料和精制茶制造业,证监会行业分类,其他
603882,金域医学,460134577.0000,26.8400,123.500120466800,Q84卫生,证监会行业分类,其他
605116,奥锐特,397511234.0000,31.0900,123.586242650600,C27医药制造业,证监会行业分类,医药
600307,酒钢宏兴,6263357424.0000,1.9800,124.014476995200,C31黑色金属冶炼和压延加工业,证监会行业分类,其他
600481,双良节能,1873767825.0000,6.6200,124.043430015000,C34通用设备制造业,证监会行业分类,其他
600383,金地集团,4514583572.0000,2.7500,124.151048230000,K70房地产业,证监会行业分类,其他
000061,沪企债30,1696933006.0000,7.4300,126.082122345800,L72商务服务业,证监会行业分类,其他
000061,农产品,1696933006.0000,7.4300,126.082122345800,L72商务服务业,证监会行业分类,其他
000028,上证180成长指数,478053712.0000,26.4200,126.301790710400,F51批发业,证监会行业分类,其他
000028,国药一致,478053712.0000,26.4200,126.301790710400,F51批发业,证监会行业分类,其他
688161,威高骨科,400000000.0000,31.7400,126.960000000000,C35专用设备制造业,证监会行业分类,其他
688068,热景生物,92474692.0000,137.5100,127.161948969200,C27医药制造业,证监会行业分类,医药
600285,羚锐制药,565865486.0000,22.4900,127.263147801400,C27医药制造业,证监会行业分类,医药
603583,捷昌驱动,382246955.0000,33.4100,127.708707665500,C38电气机械和器材制造业,证监会行业分类,其他
601222,林洋能源,2060169156.0000,6.2000,127.730487672000,C38电气机械和器材制造业,证监会行业分类,其他
600366,宁波韵升,1063042036.0000,12.0200,127.777652727200,C30非金属矿物制品业,证监会行业分类,其他
000966,中证锐联基本面400指数,2749327699.0000,4.6500,127.843738003500,D44电力、热力生产和供应业,证监会行业分类,其他
000966,长源电力,2749327699.0000,4.6500,127.843738003500,D44电力、热力生产和供应业,证监会行业分类,其他
688016,心脉医疗,123262117.0000,104.8500,129.240329674500,C35专用设备制造业,证监会行业分类,其他
688091,上海谊众,206703640.0000,62.8000,129.809885920000,C27医药制造业,证监会行业分类,医药
600116,三峡水利,1912142904.0000,6.8100,130.216931762400,D44电力、热力生产和供应业,证监会行业分类,其他
000998,中证TMT产业主题指数,1315050546.0000,9.9200,130.453014163200,A05农、林、牧、渔专业及辅助性活动,证监会行业分类,其他
000998,隆平高科,1315050546.0000,9.9200,130.453014163200,A05农、林、牧、渔专业及辅助性活动,证监会行业分类,其他
603599,广信股份,910269345.0000,14.3400,130.532624073000,C26化学原料和化学制品制造业,证监会行业分类,其他
600391,航发科技,330129367.0000,39.7000,131.061358699000,C37铁路、船舶、航空航天和其他运输设备制造业,证监会行业分类,其他
688800,瑞可达,158419873.0000,83.9000,132.914273447000,C39计算机、通信和其他电子设备制造业,证监会行业分类,科技
688055,龙腾光电,3333333400.0000,3.9900,133.000002660000,C39计算机、通信和其他电子设备制造业,证监会行业分类,科技
600717,天津港,2894001038.0000,4.6000,133.124047748000,G55水上运输业,证监会行业分类,其他
600961,株冶集团,751812398.0000,17.7400,133.371519405200,C32有色金属冶炼和压延加工业,证监会行业分类,资源
600507,方大特钢,2313187890.0000,5.7800,133.702260042000,C31黑色金属冶炼和压延加工业,证监会行业分类,其他
605255,天普股份,134080000.0000,99.7400,133.731392000000,C29橡胶和塑料制品业,证监会行业分类,其他
603317,天味食品,1064996294.0000,12.5900,134.083033414600,C14食品制造业,证监会行业分类,其他
000099,上证F300,775770137.0000,17.3000,134.208233701000,G56航空运输业,证监会行业分类,其他
000099,中信海直,775770137.0000,17.3000,134.208233701000,G56航空运输业,证监会行业分类,其他
603871,嘉友国际,977149042.0000,13.7900,134.748852891800,G58多式联运和运输代理业,证监会行业分类,其他
603300,海南华铁,1990240749.0000,6.8100,135.535395006900,L71租赁业,证监会行业分类,其他
600755,厦门国贸,2132158487.0000,6.3600,135.605279773200,L72商务服务业,证监会行业分类,其他
600301,华锡有色,275335681.0000,49.5500,136.428829935500,B09有色金属矿采选业,证监会行业分类,资源
688258,卓易信息,121142237.0000,112.9000,136.769585573000,I65软件和信息技术服务业,证监会行业分类,科技
688205,德科立,67854793.0000,202.0000,137.066681860000,C39计算机、通信和其他电子设备制造业,证监会行业分类,科技
688116,天奈科技,344741494.0000,39.8600,137.413959508400,C26化学原料和化学制品制造业,证监会行业分类,其他
600072,中船科技,1083337316.0000,12.7800,138.450508984800,E48土木工程建筑业,证监会行业分类,其他
000917,沪深300公用事业指数,1417459363.0000,9.8000,138.911017574000,I63电信、广播电视和卫星传输服务,证监会行业分类,其他
000917,电广传媒,1417459363.0000,9.8000,138.911017574000,I63电信、广播电视和卫星传输服务,证监会行业分类,其他
603360,百傲化学,504445467.0000,27.6700,139.580060718900,C26化学原料和化学制品制造业,证监会行业分类,其他
600864,哈投股份,2080570520.0000,6.7200,139.814338944000,J67资本市场服务,证监会行业分类,其他
600596,新安股份,1292971908.0000,10.9300,141.321829544400,C26化学原料和化学制品制造业,证监会行业分类,其他
000065,上证龙头,973383336.0000,14.5700,141.821952055200,F51批发业,证监会行业分类,其他
000065,北方国际,973383336.0000,14.5700,141.821952055200,F51批发业,证监会行业分类,其他
605296,神农集团,523251172.0000,27.2500,142.585944370000,A03畜牧业,证监会行业分类,其他
603515,欧普照明,735029315.0000,19.5200,143.477722288000,C38电气机械和器材制造业,证监会行业分类,其他
688698,伟创电气,211375274.0000,68.0700,143.883149011800,C40仪器仪表制造业,证监会行业分类,其他
688582,芯动联科,246878000.0000,58.5200,144.473005600000,C39计算机、通信和其他电子设备制造业,证监会行业分类,科技
688187,时代电气,279321813.0000,51.8100,144.716631315300,C37铁路、船舶、航空航天和其他运输设备制造业,证监会行业分类,其他
600776,东方通信,956000064.0000,15.1600,144.929609702400,C39计算机、通信和其他电子设备制造业,证监会行业分类,科技
600986,浙文互联,1487374062.0000,9.7600,145.167708451200,I64互联网和相关服务,证监会行业分类,其他
600064,南京高科,1730339644.0000,8.4000,145.348530096000,K70房地产业,证监会行业分类,其他
600531,豫光金铅,1090255920.0000,13.4500,146.639421240000,C32有色金属冶炼和压延加工业,证监会行业分类,资源
603218,日月股份,1026856500.0000,14.3600,147.456593400000,C34通用设备制造业,证监会行业分类,其他
603103,横店影视,634200000.0000,23.3300,147.958860000000,R87广播、电视、电影和录音制作业,证监会行业分类,其他
603393,新天然气,422521335.0000,35.0200,147.966971517000,D45燃气生产和供应业,证监会行业分类,其他
600315,上海家化,672225980.0000,22.0700,148.360273786000,C26化学原料和化学制品制造业,证监会行业分类,其他
600409,三友化工,2064349448.0000,7.2100,148.839595200800,C26化学原料和化学制品制造业,证监会行业分类,其他
600459,贵研铂业,753839558.0000,19.8000,149.260232484000,C32有色金属冶炼和压延加工业,证监会行业分类,资源
603589,口子窖,598119472.0000,25.0900,150.068175524800,C15酒、饮料和精制茶制造业,证监会行业分类,其他
600872,中炬高新,770987950.0000,19.4800,150.188452660000,C14食品制造业,证监会行业分类,其他
603601,再升科技,1021651586.0000,14.8700,151.919590838200,C30非金属矿物制品业,证监会行业分类,其他
000069,消费80,6898267141.0000,2.2100,152.451703816100,K70房地产业,证监会行业分类,其他
000069,华侨城A,6898267141.0000,2.2100,152.451703816100,K70房地产业,证监会行业分类,其他
603619,中曼石油,462338461.0000,33.1600,153.311433667600,B07石油和天然气开采业,证监会行业分类,资源
600783,鲁信创投,744359294.0000,20.7000,154.082373858000,J67资本市场服务,证监会行业分类,其他
600645,中源协和,467770165.0000,32.9400,154.083492351000,C27医药制造业,证监会行业分类,医药
600338,西藏珠峰,914210168.0000,16.9500,154.958623476000,B09有色金属矿采选业,证监会行业分类,资源
600216,浙江医药,961633475.0000,16.2300,156.073112992500,C27医药制造业,证监会行业分类,医药
600268,国电南自,1006073045.0000,15.6700,157.651646151500,C38电气机械和器材制造业,证监会行业分类,其他
605111,新洁能,415332567.0000,38.0500,158.034041743500,C39计算机、通信和其他电子设备制造业,证监会行业分类,科技
600500,中化国际,3586722753.0000,4.4100,158.174473407300,C26化学原料和化学制品制造业,证监会行业分类,其他
603733,仙鹤股份,705976114.0000,22.4500,158.491637593000,C22造纸和纸制品业,证监会行业分类,其他
600675,中华企业,6046135331.0000,2.6300,159.013359205300,K70房地产业,证监会行业分类,其他
603185,弘元绿能,679022202.0000,23.4200,159.026999708400,C38电气机械和器材制造业,证监会行业分类,其他
688301,奕瑞科技,143062818.0000,111.5000,159.515042070000,C35专用设备制造业,证监会行业分类,其他
600916,中国黄金,1680000000.0000,9.5500,160.440000000000,F52零售业,证监会行业分类,其他
600589,大位科技,1478469890.0000,10.9600,162.040299944000,I65软件和信息技术服务业,证监会行业分类,科技
688567,孚能科技,1222103885.0000,13.2700,162.173185539500,C38电气机械和器材制造业,证监会行业分类,其他
600726,华电能源,2747344834.0000,5.9100,162.368079689400,D44电力、热力生产和供应业,证监会行业分类,其他
600761,安徽合力,890692761.0000,18.3200,163.174913815200,C34通用设备制造业,证监会行业分类,其他
603355,莱克电气,571139254.0000,28.6400,163.574282345600,C38电气机械和器材制造业,证监会行业分类,其他
605118,力鼎光电,407116000.0000,40.2000,163.660632000000,C39计算机、通信和其他电子设备制造业,证监会行业分类,科技
688409,富创精密,177213527.0000,92.4300,163.798463006100,C34通用设备制造业,证监会行业分类,其他
000070,能源等权,888594676.0000,18.4500,163.945717722000,C39计算机、通信和其他电子设备制造业,证监会行业分类,科技
000070,特发信息,888594676.0000,18.4500,163.945717722000,C39计算机、通信和其他电子设备制造业,证监会行业分类,科技
603556,海兴电力,486264170.0000,33.7900,164.308663043000,C40仪器仪表制造业,证监会行业分类,其他
600475,华光环能,942406491.0000,17.6000,165.863542416000,N77生态保护和环境治理业,证监会行业分类,其他
600933,爱柯迪,977369116.0000,17.0300,166.445960454800,C36汽车制造业,证监会行业分类,其他
600179,安通控股,3744236495.0000,4.4600,166.992947677000,G58多式联运和运输代理业,证监会行业分类,其他
603629,利通电子,254800000.0000,65.8700,167.836760000000,C33金属制品业,证监会行业分类,其他
688660,电气风电,1333333400.0000,12.6100,168.133341740000,C34通用设备制造业,证监会行业分类,其他
000035,上证可选消费行业指数,2425794086.0000,6.9400,168.350109568400,N77生态保护和环境治理业,证监会行业分类,其他
000035,中国天楹,2425794086.0000,6.9400,168.350109568400,N77生态保护和环境治理业,证监会行业分类,其他
600764,中国海防,710629386.0000,24.1900,171.901248473400,C39计算机、通信和其他电子设备制造业,证监会行业分类,科技
000029,上证180价值指数,891660000.0000,19.4200,173.160372000000,K70房地产业,证监会行业分类,其他
000029,深深房A,891660000.0000,19.4200,173.160372000000,K70房地产业,证监会行业分类,其他
601369,陕鼓动力,1691367233.0000,10.2700,173.703414829100,C34通用设备制造业,证监会行业分类,其他
000973,佛塑科技,967423171.0000,17.9600,173.749201511600,C29橡胶和塑料制品业,证监会行业分类,其他
600206,有研新材,846553332.0000,20.6400,174.728607724800,C32有色金属冶炼和压延加工业,证监会行业分类,资源
600739,辽宁成大,1529709816.0000,11.4700,175.457715895200,F51批发业,证监会行业分类,其他
605599,菜百股份,777777800.0000,22.6300,176.011116140000,F52零售业,证监会行业分类,其他
600114,东睦股份,616383477.0000,28.5600,176.039121031200,C33金属制品业,证监会行业分类,其他
600651,飞乐音响,2507028015.0000,7.0400,176.494772256000,C38电气机械和器材制造业,证监会行业分类,其他
600057,厦门象屿,2192510201.0000,8.0800,177.154824240800,L72商务服务业,证监会行业分类,其他
600012,皖通高速,1165600000.0000,15.2400,177.637440000000,G54道路运输业,证监会行业分类,其他
688063,派能科技,245359249.0000,72.4500,177.762775900500,C38电气机械和器材制造业,证监会行业分类,其他
601778,晶科科技,3570971968.0000,4.9800,177.834404006400,D44电力、热力生产和供应业,证监会行业分类,其他
000901,中证南方小康产业指数,798193381.0000,22.3000,177.997123963000,C36汽车制造业,证监会行业分类,其他
000901,航天科技,798193381.0000,22.3000,177.997123963000,C36汽车制造业,证监会行业分类,其他
600821,金开新能,1997263453.0000,9.0400,180.552616151200,D44电力、热力生产和供应业,证监会行业分类,其他
688388,嘉元科技,426238662.0000,42.7800,182.344899603600,C39计算机、通信和其他电子设备制造业,证监会行业分类,科技
600867,通化东宝,1958542829.0000,9.5900,187.824257301100,C27医药制造业,证监会行业分类,医药
600151,航天机电,1434252287.0000,13.2300,189.751577570100,C38电气机械和器材制造业,证监会行业分类,其他
000935,中证信息技术指数,763440333.0000,25.3800,193.761156515400,C30非金属矿物制品业,证监会行业分类,其他
000935,四川双马,763440333.0000,25.3800,193.761156515400,C30非金属矿物制品业,证监会行业分类,其他
600629,华建集团,944658954.0000,20.5300,193.938483256200,M74专业技术服务业,证监会行业分类,其他
600120,浙江东方,3415381492.0000,5.6800,193.993668745600,J69其他金融业,证监会行业分类,其他
601963,重庆银行,1879392248.0000,10.3400,194.329158443200,J66货币金融服务,证监会行业分类,其他
603236,移远通信,261657654.0000,74.7300,195.536764834200,C39计算机、通信和其他电子设备制造业,证监会行业分类,科技
600428,中远海特,2146650771.0000,9.1500,196.418545546500,G55水上运输业,证监会行业分类,其他
000050,50等权,2457719086.0000,8.0400,197.600614514400,C39计算机、通信和其他电子设备制造业,证监会行业分类,科技
000050,深天马A,2457719086.0000,8.0400,197.600614514400,C39计算机、通信和其他电子设备制造业,证监会行业分类,科技
688629,华丰科技,178325601.0000,111.3500,198.565556713500,C39计算机、通信和其他电子设备制造业,证监会行业分类,科技
